{
  "engine": "massgen_import",
  "duration_seconds": 1604.9221548959613,
  "num_extracted_arxiv_ids": 181,
  "extracted_arxiv_ids": [
    "2202.06991",
    "2305.02073",
    "2212.09744",
    "2206.10128",
    "2408.02152",
    "2002.08909",
    "2407.11605",
    "2004.12832",
    "2108.06279",
    "2206.05395",
    "1702.01806",
    "2102.11903",
    "1611.09268",
    "1609.04846v1",
    "1511.05800v1",
    "2502.01654v1",
    "2507.15336v2",
    "1803.02421v2",
    "1811.08772v1",
    "2007.16149v1",
    "1707.05409v1",
    "1706.06697v1",
    "2008.00506v1",
    "2208.00791v1",
    "2104.10450v1",
    "1011.5800v2",
    "2502.02788v1",
    "1511.05802v1",
    "2504.21282v1",
    "1208.1862v2",
    "2504.09935v1",
    "2505.18541v1",
    "2411.00744v2",
    "2306.05212v1",
    "2602.22647v1",
    "2603.02888v1",
    "2410.14609v2",
    "2001.01167v2",
    "2510.03795v1",
    "2301.05508v1",
    "2202.00373v2",
    "1605.09362v3",
    "2211.09388v1",
    "2309.05503v1",
    "2201.04672v1",
    "2504.05181v2",
    "2103.16669v3",
    "2112.05662v2",
    "1606.06137v1",
    "2403.13468v1",
    "1601.04605v1",
    "1606.07660v2",
    "2404.08137v3",
    "2404.12237v2",
    "2208.11438v2",
    "1901.06610v2",
    "1606.04648v1",
    "2205.02303v1",
    "2404.07220v2",
    "2601.11863v1",
    "2505.21439v1",
    "2512.24268v1",
    "2510.17487v1",
    "1411.4413v2",
    "2601.07595v3",
    "2510.26931v1",
    "2603.19019v1",
    "2603.19021v1",
    "2603.19020v1",
    "2509.08054v1",
    "2507.08219v3",
    "2509.07352v2",
    "2601.15518v2",
    "2101.00294v3",
    "2509.07163v1",
    "2306.00947v1",
    "2503.00238v1",
    "2402.02764v1",
    "2309.05429v1",
    "2105.14931v1",
    "2306.10046v2",
    "2403.07553v1",
    "2306.14753v1",
    "2010.08961v2",
    "2305.00795v3",
    "2306.15782v3",
    "2307.16676v2",
    "2506.06962v3",
    "2405.14280v1",
    "2402.12317v2",
    "2506.06664v1",
    "2505.00028v2",
    "1706.07440v2",
    "2509.25716v1",
    "2310.12455v2",
    "2305.14104v1",
    "2208.07798v3",
    "2409.06762v1",
    "2208.10967v5",
    "2109.02038v1",
    "2104.09630v2",
    "2509.21777v1",
    "2210.13810v1",
    "2205.09955v1",
    "2405.19595v1",
    "1708.08291v1",
    "1706.03757v2",
    "1908.01798v1",
    "2603.07502v2",
    "2005.02843v1",
    "2506.09162v1",
    "1906.00041v1",
    "2504.13684v1",
    "2504.17204v1",
    "2503.01763v2",
    "2507.23334v2",
    "2504.14689v1",
    "2411.18583v1",
    "2502.00306v2",
    "2207.03030v1",
    "2503.16581v1",
    "1812.10860v5",
    "1411.1792v1",
    "2212.06370v4",
    "2012.11740v1",
    "2207.00748v2",
    "2301.10593v1",
    "1110.0512v1",
    "1707.06112v1",
    "1508.02496v3",
    "2211.07040v2",
    "2404.07720v2",
    "2405.07526v1",
    "1808.10628v1",
    "1910.09753v2",
    "2309.11392v1",
    "1807.03586v5",
    "1906.10015v2",
    "2512.20929v1",
    "2503.21676v2",
    "1807.09844v2",
    "1706.06749v1",
    "2402.15300v2",
    "2509.19212v1",
    "2602.07120v1",
    "2602.19929v1",
    "1511.05798v1",
    "1908.08879v2",
    "2409.02228v1",
    "2306.06371v1",
    "1610.00031v1",
    "2211.00727v1",
    "2403.10939v1",
    "1809.09924v4",
    "1901.01074v3",
    "2309.05113v1",
    "1905.05095v3",
    "2212.03406v1",
    "1906.02869v2",
    "1312.5150v1",
    "2210.05512v1",
    "0911.5046v2",
    "2206.08063v1",
    "2301.09728v1",
    "2104.08653v4",
    "2107.08345v1",
    "2604.05253v1",
    "2603.25248v1",
    "2408.16672v4",
    "2603.26259v1",
    "2602.03992v2",
    "2503.19009v1",
    "2404.13950v1",
    "1902.04262v1",
    "2302.06587v2",
    "1701.05311v1",
    "2111.13057v3",
    "2603.01417v1",
    "2406.18960v1",
    "2603.14541v1",
    "2504.19754v1"
  ],
  "final_answer_source": ".massgen/massgen_logs/log_20260411_083308_285153/turn_1/attempt_1/final/agent_a/workspace/intro.md",
  "num_artifact_files_scanned": 9,
  "artifact_files_scanned": [
    ".massgen/massgen_logs/log_20260411_083308_285153/turn_1/attempt_1/final/agent_a/answer.txt",
    ".massgen/massgen_logs/log_20260411_083308_285153/turn_1/attempt_1/final/agent_a/context.txt",
    ".massgen/massgen_logs/log_20260411_083308_285153/turn_1/attempt_1/final/agent_a/execution_trace.md",
    ".massgen/massgen_logs/log_20260411_083308_285153/turn_1/attempt_1/final/agent_a/workspace/intro.md",
    ".massgen/massgen_logs/log_20260411_083308_285153/turn_1/attempt_1/agent_a/20260411_085842_670821/answer.txt",
    ".massgen/massgen_logs/log_20260411_083308_285153/turn_1/attempt_1/agent_a/20260411_085842_670821/context.txt",
    ".massgen/massgen_logs/log_20260411_083308_285153/turn_1/attempt_1/agent_a/20260411_085842_670821/execution_trace.md",
    ".massgen/massgen_logs/log_20260411_083308_285153/turn_1/attempt_1/agent_a/20260411_085842_670821/workspace/intro.md",
    ".massgen/massgen_logs/log_20260411_083308_285153/turn_1/attempt_1/agent_a/20260411_085842_670821/workspace/verify.md"
  ],