{
  "engine": "massgen_import",
  "duration_seconds": 231.98298268020153,
  "num_extracted_arxiv_ids": 125,
  "extracted_arxiv_ids": [
    "1905.01866",
    "1608.03016",
    "2211.16353",
    "2211.16366",
    "2005.12566",
    "2304.08098",
    "2402.17279",
    "2404.18040",
    "2203.16161",
    "2007.02388",
    "2207.12033",
    "2402.10038",
    "2406.18629",
    "2306.11113v2",
    "2105.04026v2",
    "1908.08847v1",
    "2301.00942v1",
    "2512.23753v1",
    "2012.06469v1",
    "1711.00146v1",
    "1903.03040v2",
    "1806.11371v1",
    "1407.4832v1",
    "2501.02842v1",
    "2509.21777v1",
    "2604.05113v1",
    "1908.08327v1",
    "2603.28944v1",
    "2601.16513v1",
    "2410.04350v3",
    "2410.17637v1",
    "2506.10054v3",
    "2407.14477v4",
    "2508.04149v1",
    "2412.14516v1",
    "2310.11523v2",
    "2504.15843v3",
    "2004.02396v1",
    "2307.05639v2",
    "2212.06370v4",
    "1911.06009v1",
    "2306.14753v1",
    "2103.07492v4",
    "2307.07881v2",
    "2103.00113v2",
    "1901.06610v2",
    "2003.09671v3",
    "1703.01386v1",
    "2602.03416v1",
    "1806.04845v4",
    "2310.05917v2",
    "2106.14879v3",
    "2206.15470v2",
    "1906.07273v2",
    "2209.02544v4",
    "2506.09781v2",
    "1609.03675v4",
    "2009.14474v2",
    "2409.07367v1",
    "2208.14227v2",
    "2206.07869v1",
    "2405.19595v1",
    "2508.11105v2",
    "1708.07747v2",
    "2206.03003v2",
    "2209.15001v3",
    "1809.04281v3",
    "1911.05024v1",
    "2002.00741v1",
    "2309.01692v1",
    "1102.2017v2",
    "2402.04563v1",
    "2602.12375v1",
    "2012.02476v1",
    "2507.02910v1",
    "1807.05037v1",
    "2402.07314v3",
    "2312.11456v4",
    "1809.09501v1",
    "2301.08028v4",
    "2406.04896v2",
    "2201.05729v3",
    "2503.06312v2",
    "2402.15300v2",
    "2306.13549v4",
    "2308.12898v2",
    "2508.19294v2",
    "2203.06386v2",
    "2202.09061v4",
    "2604.00086v1",
    "2210.09263v1",
    "2205.00663v1",
    "2502.08674v1",
    "1807.03133v3",
    "1907.11496v2",
    "2311.02122v1",
    "1902.08009v1",
    "2409.13948v3",
    "2310.05910v2",
    "2501.19389v3",
    "2402.18571v3",
    "2506.05346v1",
    "2506.15415v1",
    "2408.03099v2",
    "2312.10793v3",
    "2110.06500v2",
    "2309.00363v1",
    "1609.04846v1",
    "1909.10086v3",
    "2103.06560v3",
    "2301.01642v3",
    "2205.12888v1",
    "2108.08735v2",
    "2502.01654v1",
    "2406.00552v4",
    "2403.08453v2",
    "2104.05519v2",
    "2406.10539v1",
    "2504.15232v1",
    "2412.06201v1",
    "2302.14197v1",
    "2404.17571v1",
    "2509.17654v3",
    "2503.14074v1",
    "2603.07291v1"
  ],
  "final_answer_source": ".massgen/massgen_logs/log_20260410_233008_040253/turn_1/attempt_1/final/agent_a/workspace/intro.md",
  "num_artifact_files_scanned": 10,
  "artifact_files_scanned": [
    ".massgen/massgen_logs/log_20260410_233008_040253/turn_1/attempt_1/final/agent_a/answer.txt",
    ".massgen/massgen_logs/log_20260410_233008_040253/turn_1/attempt_1/final/agent_a/context.txt",
    ".massgen/massgen_logs/log_20260410_233008_040253/turn_1/attempt_1/final/agent_a/execution_trace.md",
    ".massgen/massgen_logs/log_20260410_233008_040253/turn_1/attempt_1/final/agent_a/workspace/intro.md",
    ".massgen/massgen_logs/log_20260410_233008_040253/turn_1/attempt_1/agent_a/20260410_233305_887997/answer.txt",
    ".massgen/massgen_logs/log_20260410_233008_040253/turn_1/attempt_1/agent_a/20260410_233305_887997/changedoc.md",
    ".massgen/massgen_logs/log_20260410_233008_040253/turn_1/attempt_1/agent_a/20260410_233305_887997/context.txt",
    ".massgen/massgen_logs/log_20260410_233008_040253/turn_1/attempt_1/agent_a/20260410_233305_887997/execution_trace.md",
    ".massgen/massgen_logs/log_20260410_233008_040253/turn_1/attempt_1/agent_a/20260410_233305_887997/workspace/intro.md",
    ".massgen/massgen_logs/log_20260410_233008_040253/turn_1/attempt_1/agent_a/20260410_233305_887997/workspace/tasks/changedoc.md"
  ],
  "massgen_result": {
    "final_answer": "# Related Works\n\nThis section reviews prior research in three key areas relevant to FashionDPO: fashion outfit generation and compatibility learning, personalized fashion recommendation, and preference optimization in generative models.\n\n## Fashion Outfit Generation and Compatibility\n\nFashion outfit generation requires both aesthetic judgment and an understanding of item compatibility. Early approaches to outfit composition treat it as a recommendation problem, generating items that complement a partial outfit or suggesting complete outfits from scratch [1][2]. Chen et al. [3] conducted experimental studies demonstrating that successful outfit generation depends on balancing item-level quality with ensemble-level coherence.\n\nGraph-based methods have become dominant for modeling outfit compatibility. These approaches represent fashion items as nodes and compatibility relationships as edges, enabling message passing through graph neural networks (GNNs) to learn latent compatibility patterns [4][5]. Song et al. [6] proposed transformer-based GNN architectures specifically designed for outfit generation, capturing both local item features and global outfit structure. Research has also explored specific compatibility dimensions, including style matching [7] and color harmony [8], which provide interpretable signals for compatibility assessment.\n\n## Personalized Fashion Recommendation\n\nPersonalization in fashion recommendation addresses the challenge of aligning outfit suggestions with individual user preferences. Traditional methods rely on collaborative filtering to leverage preference patterns across users [9]. More recent approaches incorporate visual features directly, enabling systems to understand style preferences from user interaction histories [10]. Contrastive learning frameworks have proven effective for learning discriminative user representations in the fashion domain [11], addressing cold-start problems by learning transferable preference embeddings.\n\n## Generative Models and Preference Optimization\n\nRecent advances in diffusion models have enabled high-quality fashion item synthesis [7], but these generative approaches face challenges in aligning outputs with user preferences without extensive labeled data. Direct Preference Optimization (DPO) and its variants provide a promising direction by fine-tuning models using preference feedback rather than explicit reward functions. RS-DPO [12] combines rejection sampling with DPO to improve alignment quality, while Step-DPO [13] extends the approach to multi-step reasoning tasks.\n\nDespite progress in both fashion recommendation and preference optimization independently, there remains a gap in applying preference-based fine-tuning to fashion outfit generation. Existing methods either lack the ability to generate novel outfits or require task-specific reward engineering. FashionDPO bridges this gap by introducing a multi-expert feedback mechanism that evaluates generated outfits across quality, compatibility, and personalization dimensions, enabling general fine-tuning of fashion generative models without task-specific reward design.\n\n---\n\n## References\n\n[1] POG: Personalized Outfit Generation for Fashion. arXiv:1905.01866.\n\n[2] Mining Fashion Outfit Composition. arXiv:1608.03016.\n\n[3] Outfit Generation and Recommendation: An Experimental Study. arXiv:2211.16353.\n\n[4] Reusable Self-Attention-based Recommender System for Fashion. arXiv:2211.16366.\n\n[5] Hierarchical Fashion Graph Network for Outfit Recommendation. arXiv:2005.12566.\n\n[6] Transformer-based Graph Neural Networks for Outfit Generation. arXiv:2304.08098.\n\n[7] Diffusion Models for Generative Outfit Recommendation. arXiv:2402.17279.\n\n[8] Fashion Recommendation: Outfit Compatibility using Graph Neural Networks. arXiv:2404.18040.\n\n[9] Recommendation of Compatible Outfits Conditioned on Style. arXiv:2203.16161.\n\n[10] Learning Color Compatibility in Fashion Outfits. arXiv:2007.02388.\n\n[11] 