{
  "engine": "massgen_import",
  "duration_seconds": 2118.3277146760374,
  "num_extracted_arxiv_ids": 147,
  "extracted_arxiv_ids": [
    "1909.10155",
    "2208.00461",
    "1710.08901",
    "1908.05164",
    "1511.05191",
    "2311.12436",
    "1710.09412",
    "2102.06289",
    "2308.11990",
    "2209.11604",
    "2311.01864",
    "2109.03480",
    "2309.12236",
    "2306.04338v1",
    "2006.16189v4",
    "2201.12150v2",
    "2304.02381v2",
    "1905.04749v2",
    "2302.08893v4",
    "2303.15563v1",
    "1705.05172v1",
    "2509.08759v3",
    "2404.12511v1",
    "2306.14753v1",
    "2307.05639v2",
    "1901.06610v2",
    "1905.05918v1",
    "2504.19176v2",
    "1906.10015v2",
    "2103.07492v4",
    "1512.00242v1",
    "1807.02477v1",
    "2205.13273v1",
    "1609.04846v1",
    "2502.01654v1",
    "1803.02421v2",
    "1411.1792v1",
    "2409.05202v2",
    "2311.01434v3",
    "2409.03583v1",
    "2309.16633v4",
    "1905.11001v5",
    "2203.07559v1",
    "2003.09946v4",
    "1002.1144v1",
    "2501.19047v5",
    "2402.07307v3",
    "2004.08463v2",
    "2509.18426v2",
    "1903.09215v4",
    "2211.05409v1",
    "1511.05806v1",
    "2411.02988v2",
    "2603.23805v1",
    "2206.00744v1",
    "2306.05180v1",
    "1808.00111v2",
    "1405.0586v3",
    "2111.01245v2",
    "2006.03361v1",
    "2506.09781v2",
    "2509.18067v1",
    "1608.04185v3",
    "0803.3061v1",
    "2212.06370v4",
    "2306.11113v2",
    "2105.04026v2",
    "2301.00942v1",
    "2403.12562v2",
    "1903.03040v2",
    "1711.00146v1",
    "2012.06469v1",
    "2512.23753v1",
    "1903.04717v2",
    "2603.14092v1",
    "2408.08998v3",
    "2405.15709v2",
    "2406.11345v1",
    "2404.13503v5",
    "1606.00825v2",
    "2304.09590v1",
    "2507.15336v2",
    "2603.01172v1",
    "2510.25766v3",
    "2105.04290v2",
    "2012.10988v2",
    "2111.03577v1",
    "1003.3081v1",
    "2210.02410v2",
    "1912.03011v3",
    "2303.10559v3",
    "1012.2631v2",
    "1901.02302v2",
    "1704.08045v2",
    "2404.11159v1",
    "2410.02371v1",
    "1610.06480v1",
    "2403.00634v2",
    "2409.08956v1",
    "2509.21777v1",
    "1407.4832v1",
    "2211.01154v1",
    "2203.11026v1",
    "2402.03481v1",
    "1608.02791v2",
    "2201.09170v3",
    "2206.03761v2",
    "2508.13209v2",
    "1302.1596v3",
    "2305.00070v3",
    "2410.18144v3",
    "1503.08458v2",
    "2502.15131v3",
    "2207.01242v2",
    "2206.07884v1",
    "2407.16096v2",
    "1711.00455v3",
    "2310.15204v1",
    "1404.3455v1",
    "2508.09395v2",
    "2301.09126v2",
    "1912.12081v3",
    "1810.13192v4",
    "2110.15725v1",
    "2210.07774v3",
    "2008.02460v1",
    "2301.06606v1",
    "2406.08010v1",
    "1709.06342v4",
    "2503.06920v2",
    "1904.03567v2",
    "2410.09380v1",
    "1609.02451v2",
    "2109.11059v2",
    "2105.08191v1",
    "2001.10696v5",
    "2211.12231v1",
    "1304.1836v2",
    "1005.0280v6",
    "1011.5746v2",
    "1001.2258v2",
    "1407.7158v2",
    "1706.04599",
    "1503.02808",
    "2104.08223",
    "1811.09625",
    "2106.03277"
  ],
  "final_answer_source": ".massgen/massgen_logs/log_20260410_225449_711632/turn_1/attempt_1/final/agent_a/workspace/intro.md",
  "num_artifact_files_scanned": 8,
  "artifact_files_scanned": [
    ".massgen/massgen_logs/log_20260410_225449_711632/turn_1/attempt_1/final/agent_a/answer.txt",
    ".massgen/massgen_logs/log_20260410_225449_711632/turn_1/attempt_1/final/agent_a/context.txt",
    ".massgen/massgen_logs/log_20260410_225449_711632/turn_1/attempt_1/final/agent_a/execution_trace.md",
    ".massgen/massgen_logs/log_20260410_225449_711632/turn_1/attempt_1/final/agent_a/workspace/intro.md",
    ".massgen/massgen_logs/log_20260410_225449_711632/turn_1/attempt_1/agent_a/20260410_232829_661646/answer.txt",
    ".massgen/massgen_logs/log_20260410_225449_711632/turn_1/attempt_1/agent_a/20260410_232829_661646/context.txt",
    ".massgen/massgen_logs/log_20260410_225449_711632/turn_1/attempt_1/agent_a/20260410_232829_661646/execution_trace.md",
    ".massgen/massgen_logs/log_20260410_225449_711632/turn_1/attempt_1/agent_a/20260410_232829_661646/workspace/intro.md"
  ],